timestamp,index,last,change,percent_change,open,high,low,previous_close,day_range_volatility_pct
2026-09-28T17:38:54,NIFTY BANK,54471.65,-1108.75,-1.99,55347.8,55390.1,54437.7,55580.4,1.7136
2026-09-28T17:38:54,NIFTY AUTO,26525.05,-442.85,-1.64,26867.05,26896.65,26476.9,26967.9,1.5565
2026-09-28T17:38:54,NIFTY FINANCIAL SERVICES 25/50,26655.95,-481.35,-1.77,27021.85,27052.9,26619,27137.3,1.5989
2026-09-28T17:38:54,NIFTY FMCG,45264.35,-676.95,-1.47,45796.45,45816.25,45222.1,45941.3,1.2933
2026-09-28T17:38:54,NIFTY IT,28086.5,-74.4,-0.26,28214.65,28261.3,27822,28160.9,1.56
2026-09-28T17:38:54,NIFTY MEDIA,1539.25,-11.4,-0.74,1549.05,1564.9,1537.1,1550.65,1.7928
2026-09-28T17:38:54,NIFTY METAL,12854.4,-232.75,-1.78,13051.7,13055.05,12812.25,13087.15,1.8553
2026-09-28T17:38:54,NIFTY PHARMA,26761.65,-241.35,-0.89,26970.95,27041.9,26748,27003,1.0884
2026-09-28T17:38:54,NIFTY PSU BANK,8026.1,-268.4,-3.24,8270.05,8272.55,8018.1,8294.5,3.0677
2026-09-28T17:38:54,NIFTY REALTY,850.9,-18.45,-2.12,867.5,867.65,848.55,869.35,2.197
2026-09-28T17:38:54,NIFTY HEALTHCARE INDEX,16537.15,-141.4,-0.85,16655.45,16696.35,16529.95,16678.55,0.9977
2026-09-28T17:38:54,NIFTY CONSUMER DURABLES,38162.9,-115.7,-0.3,38317.85,38322.45,37856.05,38278.6,1.2184
2026-09-28T17:38:54,NIFTY OIL & GAS,10660.6,-201.55,-1.86,10827.45,10837.95,10645.05,10862.15,1.7759
2026-09-28T17:38:54,NIFTY ENERGY,36693.2,-747.15,-2,37396.3,37421.55,36639,37440.35,2.0901
2026-09-28T17:59:39,NIFTY BANK,54471.65,-1108.75,-1.99,55347.8,55390.1,54437.7,55580.4,1.7136
2026-09-28T17:59:39,NIFTY AUTO,26525.05,-442.85,-1.64,26867.05,26896.65,26476.9,26967.9,1.5565
2026-09-28T17:59:39,NIFTY FINANCIAL SERVICES 25/50,26655.95,-481.35,-1.77,27021.85,27052.9,26619,27137.3,1.5989
2026-09-28T17:59:39,NIFTY FMCG,45264.35,-676.95,-1.47,45796.45,45816.25,45222.1,45941.3,1.2933
2026-09-28T17:59:39,NIFTY IT,28086.5,-74.4,-0.26,28214.65,28261.3,27822,28160.9,1.56
2026-09-28T17:59:39,NIFTY MEDIA,1539.25,-11.4,-0.74,1549.05,1564.9,1537.1,1550.65,1.7928
2026-09-28T17:59:39,NIFTY METAL,12854.4,-232.75,-1.78,13051.7,13055.05,12812.25,13087.15,1.8553
2026-09-28T17:59:39,NIFTY PHARMA,26761.65,-241.35,-0.89,26970.95,27041.9,26748,27003,1.0884
2026-09-28T17:59:39,NIFTY PSU BANK,8026.1,-268.4,-3.24,8270.05,8272.55,8018.1,8294.5,3.0677
2026-09-28T17:59:39,NIFTY REALTY,850.9,-18.45,-2.12,867.5,867.65,848.55,869.35,2.197
2026-09-28T17:59:39,NIFTY HEALTHCARE INDEX,16537.15,-141.4,-0.85,16655.45,16696.35,16529.95,16678.55,0.9977
2026-09-28T17:59:39,NIFTY CONSUMER DURABLES,38162.9,-115.7,-0.3,38317.85,38322.45,37856.05,38278.6,1.2184
2026-09-28T17:59:39,NIFTY OIL & GAS,10660.6,-201.55,-1.86,10827.45,10837.95,10645.05,10862.15,1.7759
2026-09-28T17:59:39,NIFTY ENERGY,36693.2,-747.15,-2,37396.3,37421.55,36639,37440.35,2.0901
